paper_id,publication_year,paper_title,url,nb_records,dataset,country,non_human,synthetic,unclear,email,sent,replied,original,url_data,notes
1,2018,Potential for Discrimination in Online Targeted Advertising,https://proceedings.mlr.press/v81/speicher18a.html,10000,North Carolina voter,USA,,,,,,,,,
5,2018,Interpretable Active Learning,https://proceedings.mlr.press/v81/phillips18a.html,6172,COMPAS recidivism,USA,,,,,,,,,
5,2019,Interpretable Active Learning,https://proceedings.mlr.press/v81/phillips18a.html,6114,Dark Reactions,,y,,,,,,,,
7,2018,Gender Shades: Intersectional Accuracy Disparities in Commercial Gender Classification,https://proceedings.mlr.press/v81/buolamwini18a.html,437,Pilot Parliaments Benchmark,ZAF,,,,,,,,buolamwini18a.pdf (mlr.press),
7,,,,149,Pilot Parliaments Benchmark,SEN,,,,,,,,,
7,,,,75,Pilot Parliaments Benchmark,RWA,,,,,,,,,
7,,,,349,Pilot Parliaments Benchmark,SWE,,,,,,,,,
7,,,,197,Pilot Parliaments Benchmark,FIN,,,,,,,,,
7,,,,63,Pilot Parliaments Benchmark,ISL,,,,,,,,,
7,,,,500,IJB-A,,,,y,y,,,,Pushing the Frontiers of Unconstrained Face Detection and Recognition: IARPA Janus Benchmark A (cv-foundation.org),
7,,,,2284,Adience,,,,y,y,y,y,,,
8,2018,"Analyze, Detect and Remove Gender Stereotyping from Bollywood Movies",https://proceedings.mlr.press/v81/madaan18a.html,14438,Wikipedia Hindi Movies,IND,,,,,,,y,,
10,2018,The cost of fairness in binary classification,https://proceedings.mlr.press/v81/menon18a.html,,synthetic,,y,y,,,,,,,
11,2018,Decoupled Classifiers for Group-Fair and Efficient Machine Learning,https://proceedings.mlr.press/v81/dwork18a.html,,openml.org,,y,,y,,,,,,
12,2018,A case study of algorithm-assisted decision making in child maltreatment hotline screening decisions,https://proceedings.mlr.press/v81/chouldechova18a.html,76964,referral records Allegheny county,USA,,,,,,,,,
14,2018,Runaway Feedback Loops in Predictive Policing,https://proceedings.mlr.press/v81/ensign18a.html,447871,PredPol,USA,,,y,,,,,Crime Reports 2007-2013 (obsolete) | Open Oakland,Not sure if granularity = user
15,2018,"All The Cool Kids, How Do They Fit In?: Popularity and Demographic Biases in Recommender Evaluation and Effectiveness",https://proceedings.mlr.press/v81/ekstrand18b.html,6040,ML1M,USA,,,y,y,y,y,,https://files.grouplens.org/datasets/movielens/ml-1m-README.txt,No countries
15,,,,992,LFM1K,,,,y,y,,,,:: Music Recommendation Datasets :: (ocelma.net),No countries
15,,,,359347,LFM360K,,,,y,y,,,,:: Music Recommendation Datasets :: (ocelma.net),No countries
16,2018,Recommendation Independence,https://proceedings.mlr.press/v81/kamishima18a.html,6040,ML1M,USA,,,,,,,,,
16,,,,147612,Flixster,,,,,y,y,,,A matrix factorization technique with trust propagation for recommendation in social networks | Proceedings of the fourth ACM conference on Recommender systems,
16,,,,5000,Sushi,JPN,,,,y,y,y,,Nantonac Collaborative Filtering: Recommendation Based on Order Responses (kamishima.net),
17,2018,Balanced Neighborhoods for Multi-sided Fairness in Recommendation,https://proceedings.mlr.press/v81/burke18a.html,6040,ML1M,USA,,,,,,,,,
18,2019,Model Reconstruction from Model Explanations,https://doi.org/10.1145/3287560.3287562,70000,MNIST,,y,,,,,,,,
18,,,,60000,CIFAR,,y,,,,,,,,
19,2019,Actionable Recourse in Linear Classification,https://doi.org/10.1145/3287560.3287566,30000,credit,TWN,,,,,,,,The comparisons of data mining techniques for the predictive accuracy of probability of default of credit card clients - ScienceDirect,
19,,,,150000,Give Me Some Credit,,,,,y,,,,Give Me Some Credit | Kaggle,
19,,,,1000,German,DEU,,,,,,,,,
20,2019,Efficient Search for Diverse Coherent Explanations,https://doi.org/10.1145/3287560.3287569,1000,LSAT,USA,,,y,,,,,R: Bock and Liberman (1970) data set of 1000 observations of the... (personality-project.org),
20,,,,10459,HELOC,USA,,,y,,,,,Chapter 9 Story HELOC Credits | XAI Stories (pbiecek.github.io),
21,2019,On Human Predictions with Explanations and Predictions of Machine Learning Models: A Case Study on Deception Detection,https://doi.org/10.1145/3287560.3287590,1600,Hotel reviews,USA,y,,,,,,y,,Hotels in Chicago
21,,,,80,MTurk,USA,,,y,y,y,y,y,,
22,2019,Problem Formulation and Fairness,https://doi.org/10.1145/3287560.3287567,11,DataVector,USA,,,,,,,y,,
25,2019,"Clear Sanctions, Vague Rewards: How China's Social Credit System Currently Defines Good and Bad Behavior",https://doi.org/10.1145/3287560.3287585,945,Chinese SCS,CHN,y,,,,,,y,,
28,2019,Disparate Interactions: An Algorithm-in-the-Loop Analysis of Fairness in Risk Assessments,https://doi.org/10.1145/3287560.3287563,47141,US Department of Justice,USA,,,,,,,,,
28,,,,554,MTurk,USA,,,,,,,y,,Originally 601
29,2019,An Empirical Study of Rich Subgroup Fairness for Machine Learning,https://doi.org/10.1145/3287560.3287592,1994,Communities & Crime,USA,,,,,,,,UCI Machine Learning Repository: Communities and Crime Data Set,
29,,,,2021,Adult,USA,,,,,,,,UCI Machine Learning Repository: Adult Data Set,Different from the original
29,,,,396,Student,PRT,,,,,,,,UCI Machine Learning Repository: Student Performance Data Set,
29,,,,2053,Law (LSAC),USA,,,,,,,,Law School Admissions Bar Passage | Kaggle,
31,2019,Bias in Bios: A Case Study of Semantic Representation Bias in a High-Stakes Setting,https://doi.org/10.1145/3287560.3287572,397340,Common Crawl,,,,,y,,,y,GitHub - microsoft/biosbias: Code to reproduce data for Bias in Bios,"No countries, but COULD be extracted from all the bios"
32,2019,Equality of Voice: Towards Fair Representation in Crowdsourced Top-K Recommendations,https://doi.org/10.1145/3287560.3287570,15000000,Twitter,USA,y,,y,,,,y,,Approximate
32,,,,3100000,Adressa,NOR,y,,y,,,,y,,Approximate
34,2019,On Microtargeting Socially Divisive Ads: A Case Study of Russia-Linked Ad Campaigns on Facebook,https://doi.org/10.1145/3287560.3287580,3517,Facebook Internet Research Agency (Russian),USA,y,,,,,,y,,
35,2019,SIREN: A Simulation Framework for Understanding the Effects of Recommender Systems in Online News Environments,https://doi.org/10.1145/3287560.3287583,2225,BBC,GBR,y,,,,,,,,
35,,,,210924,News Coverage Dataset (NCI),USA,y,,,,,,,News Category Dataset | Kaggle,
36,2019,Controlling Polarization in Personalization: An Algorithmic Framework,https://doi.org/10.1145/3287560.3287601,1356,PoliticalNews,,y,,,,,,,,
36,,,,943,ML100K,,,,,,,,,,
36,,,,24,YOW,USA,,,,,,,,document (psu.edu),28 users in the original thesis
37,2019,Fair Algorithms for Learning in Allocation Problems,https://doi.org/10.1145/3287560.3287571,,Philadelphia Crime Incidents,USA,,,y,y,y,y,,Crime Incidents - Datasets - OpenDataPhilly,"Need to aggregate the data ourselves to get the number of reports, might be difficult to get the human-subject data"
39,2019,A Moral Framework for Understanding Fair ML through Economic Models of Equality of Opportunity,https://doi.org/10.1145/3287560.3287584,1994,Communities & Crime,USA,,,,,,,,,
41,2019,Who's the Guinea Pig? Investigating Online A/B/n Tests in-the-Wild,https://doi.org/10.1145/3287560.3287565,10584,Alexa Top-1M,,y,,y,,,,,,"Domains shown to countries, relevant?"
42,2019,Fairness-Aware Programming,https://doi.org/10.1145/3287560.3287588,48842,Adult,USA,,,y,,,,,UCI Machine Learning Repository: Adult Data Set,Size not mentioned
44,2019,The Social Cost of Strategic Classification,https://doi.org/10.1145/3287560.3287576,301536,FICO credit (Hardt et al.),USA,,,,,,,,,
45,2019,Downstream Effects of Affirmative Action,https://doi.org/10.1145/3287560.3287578,,synthetic,,,y,,,,,,,
46,2019,Access to Population-Level Signaling as a Source of Inequality,https://doi.org/10.1145/3287560.3287579,,synthetic,,,y,,,,,,,
52,2019,From Soft Classifiers to Hard Decisions: How Fair Can We Be?,https://doi.org/10.1145/3287560.3287561,6172,COMPAS recidivism,USA,,,,,,,,,
53,2019,Classification with Fairness Constraints: A Meta-Algorithm with Provable Guarantees,https://doi.org/10.1145/3287560.3287586,45222,Adult,USA,,,,,,,,,Different from the original?
53,,,,1000,German,DEU,,,,,,,,,
53,,,,6172,COMPAS recidivism,USA,,,,,,,,,
54,2019,A Comparative Study of Fairness-Enhancing Interventions in Machine Learning,https://doi.org/10.1145/3287560.3287589,118,Ricci,USA,,,,,,,,Ricci: Firefighter Promotion Exam Scores in Stat2Data: Datasets for Stat2 (rdrr.io),
54,,,,32561,Adult,USA,,,,,,,,,Different than original
54,,,,1000,German,DEU,,,,,,,,,
54,,,,6167,COMPAS recidivism,USA,,,,,,,,,Different than original
55,2019,Fairness Under Unawareness: Assessing Disparity When Protected Class Is Unobserved,https://doi.org/10.1145/3287560.3287594,190435,HMDA,USA,,,y,,,,,201409_cfpb_report_proxy-methodology.pdf (consumerfinance.gov),No number of samples
56,2019,Fairness through Causal Awareness: Learning Causal Latent-Variable Models for Biased Data,https://doi.org/10.1145/3287560.3287564,,semi-synthetic,,,y,,,,,,,
56,,,,747,IHDP,USA,,,y,,,,,Chapter 5 Experiments | A notebook Paper Causal Effect Inference with Deep Latent-Variable Models (bookdown.org),No number of samples
58,2019,Deep Weighted Averaging Classifiers,https://doi.org/10.1145/3287560.3287595,45222,Adult,USA,,,,,,,,,Different than original
58,,,,581012,Covertype,,y,,,,,,,UCI Machine Learning Repository: Covertype Data Set,Different than original
58,,,,626000,Lending Club (Kaggle),USA,,,y,y,y,,,EDA with Python | Kaggle,
58,,,,60000,CIFAR-10,,y,,,,,,,,
58,,,,70000,Fashion MNIST,,y,,,,,,,,Different than original
58,,,,190000,Amazon reviews,,y,,,,,,,,
58,,,,50000,Large Movie Review,,y,,,,,,,,
58,,,,20000,Stack Overflow question titles,,y,,,,,,,,
58,,,,10000,Subjectivity,,y,,,,,,,,
59,2020,What to Account for When Accounting for Algorithms: A Systematic Literature Review on Algorithmic Accountability,https://doi.org/10.1145/3351095.3372833,242,"Web of Science, SCOPUS",,y,,,,,,y,,
67,2020,Why Does My Model Fail? Contrastive Local Explanations for Retail Forecasting,https://doi.org/10.1145/3351095.3372824,75,Ahold Delhaize,NLD,,,,,,,y,,
67,,,,45628,Ahold Delhaize sales,NLD,y,,,,,,y,,
70,2020,FlipTest: Fairness Testing via Optimal Transport,https://doi.org/10.1145/3351095.3372845,399000,Chicago strategic subject list,USA,,,y,,,,,Strategic Subject List - Historical | City of Chicago | Data Portal,
70,,,,22402,Law (LSAC),USA,,,y,,,,,Law School Admissions Bar Passage | Kaggle,
70,,,,,synthetic,,,y,,,,,,,
71,2020,"Implications of AI (Un-)Fairness in Higher Education Admissions: The Effects of Perceived AI (Un-)Fairness on Exit, Voice and Organizational Reputation",https://doi.org/10.1145/3351095.3372867,304,survey,DEU,,,,,,,y,,
72,2020,Auditing Radicalization Pathways on YouTube,https://doi.org/10.1145/3351095.3372879,5980709,YouTube,,,,,y,y,y,y,,"Commenting users, country unclear"
73,2020,Case Study: Predictive Fairness to Reduce Misdemeanor Recidivism through Social Service Interventions,https://doi.org/10.1145/3351095.3372863,415164,LA City Attorney,USA,,,,,,,,,
76,2020,POTs: Protective Optimization Technologies,https://doi.org/10.1145/3351095.3372853,,Waze,USA,y,,,,,,,,Graph dataset
76,,,,1000,German,DEU,,,,,,,,,
77,2020,Fair Decision Making Using Privacy-Protected Data,https://doi.org/10.1145/3351095.3372872,,US Census,USA,,,y,,,,,,Census data
77,,,,,Indian Parliament,IND,,,y,,,,,,Census data
78,2020,Fairness Warnings and Fair-MAML: Learning Fairly with Minimal Data,https://doi.org/10.1145/3351095.3372839,6172,COMPAS recidivism,USA,,,,,,,,,
78,,,,1994,Communities & Crime,USA,,,,,,,,,
78,,,,,synthetic,,,y,,,,,,,
236,2022,"Interdisciplinarity, Gender Diversity, and Network Structure Predict the Centrality of AI Organizations",https://doi.org/10.1145/3531146.3533069,9987,"NeurIPS, FAccT, AIES",,,,,,,,y,AI_coauthorship_network/data at main · mvlasceanu/AI_coauthorship_network · GitHub,Excluded because of meta analysis
237,2022,Dynamic Privacy Budget Allocation Improves Data Efficiency of Differentially Private Gradient Descent,https://doi.org/10.1145/3531146.3533070,60000,MNIST,,y,,,,,,,,
238,2022,A Data-Driven Analysis of the Interplay between Criminological Theory and Predictive Policing Algorithms,https://doi.org/10.1145/3531146.3533071,,"Kent-like data (Hackney, UK) Police API",GBR,,,y,y,y,y,,,No number of samples
238,,,,,synthetic,,,y,,,,,,,
240,2022,Learning to Break Deep Perceptual Hashing: The Use Case NeuralHash,https://doi.org/10.1145/3531146.3533073,20580,Stanford Dogs,,y,,,,,,,,
240,,,,10000,ImageNet,,y,,,,,,,,
241,2022,Fairness Indicators for Systematic Assessments of Visual Feature Extractors,https://doi.org/10.1145/3531146.3533074,3011,Casual Conversations,USA,,,,y,y,,,Casual Conversations Dataset (facebook.com),
241,,,,44000,OpenImages MIAP,,,,,y,y,,,A Step Toward More Inclusive People Annotations in the Open Images Extended Dataset – Google AI Blog (googleblog.com),
241,,,,24000,UTKFace,,,,,y,y,,,UTKFace | Large Scale Face Dataset (susanqq.github.io),"Ethnicity, but no country"
241,,,,16000,Dollar Street,,,,,y,y,,,Dollar Street - photos as data to kill country stereotypes (gapminder.org),"Not easy to attribute countries, scrape?"
243,2022,News from Generative Artificial Intelligence Is Believed Less,https://doi.org/10.1145/3531146.3533077,4034,Lucid,USA,,,,,,,,OSF | Artificial Intelligence Generating News,
245,2022,Providing Item-Side Individual Fairness for Deep Recommender Systems,https://doi.org/10.1145/3531146.3533079,22323,Amazon Beauty,,,,,y,y,y,,,No country
245,,,,27879,Amazon Cell Phone,,,,,y,y,y,,,No country
246,2022,What People Think AI Should Infer From Faces,https://doi.org/10.1145/3531146.3533080,3745,MTurk,,,,,y,y,,y,Appendix: What People Think AI Should Infer From Faces (acm.org),No country
247,2022,Minimax Demographic Group Fairness in Federated Learning,https://doi.org/10.1145/3531146.3533081,,synthetic,,,y,,,,,,,
247,,,,32561,Adult,USA,,,,,,,,,
247,,,,70000,Fashion MNIST,,y,,,,,,,,
247,,,,60000,CIFAR-10,,y,,,,,,,,
247,,,,,ACS Employment,USA,,,y,y,y,,,,No number of samples
247,,,,,ACS Employment,PRI,,,y,y,y,,,,No number of samples
248,2022,Automating Care: Online Food Delivery Work During the CoVID-19 Crisis in India,https://doi.org/10.1145/3531146.3533082,13,"Zomato, Swiggy",IND,,,,y,,,,,No education or income levels
249,2022,The Values Encoded in Machine Learning Research,https://doi.org/10.1145/3531146.3533083,100,"NeurIPS, ICML",,y,,,,,,y,,
255,2022,Bias in Automated Speaker Recognition,https://doi.org/10.1145/3531146.3533089,799,VoxCeleb 1,USA,,,,,,,,VoxCeleb,
255,,,,215,VoxCeleb 1,GBR,,,,,,,,VoxCeleb (kaist.ac.kr),
255,,,,54,VoxCeleb 1,CAN,,,,,,,,,
255,,,,37,VoxCeleb 1,AUS,,,,,,,,,
255,,,,26,VoxCeleb 1,IND,,,,,,,,,
255,,,,20,VoxCeleb 1,NOR,,,,,,,,,
255,,,,18,VoxCeleb 1,IRL,,,,,,,,,
255,,,,9,VoxCeleb 1,DEU,,,,,,,,,
255,,,,8,VoxCeleb 1,NZL,,,,,,,,,
255,,,,8,VoxCeleb 1,ITA,,,,,,,,,
255,,,,7,VoxCeleb 1,MEX,,,,,,,,,
255,,,,5,VoxCeleb 1,SWE,,,,,,,,,
255,,,,4,VoxCeleb 1,RUS,,,,,,,,,
255,,,,4,VoxCeleb 1,ESP,,,,,,,,,
255,,,,3,VoxCeleb 1,PHL,,,,,,,,,
255,,,,3,VoxCeleb 1,HRV,,,,,,,,,
255,,,,3,VoxCeleb 1,DNK,,,,,,,,,
255,,,,3,VoxCeleb 1,NLD,,,,,,,,,
255,,,,3,VoxCeleb 1,CHE,,,,,,,,,
255,,,,3,VoxCeleb 1,CHL,,,,,,,,,
255,,,,2,VoxCeleb 1,CHN,,,,,,,,,
255,,,,2,VoxCeleb 1,POL,,,,,,,,,
255,,,,2,VoxCeleb 1,PRT,,,,,,,,,
255,,,,1,VoxCeleb 1,KOR,,,,,,,,,
255,,,,1,VoxCeleb 1,PAK,,,,,,,,,
255,,,,1,VoxCeleb 1,SDN,,,,,,,,,
255,,,,1,VoxCeleb 1,GUY,,,,,,,,,
255,,,,1,VoxCeleb 1,LKA,,,,,,,,,
255,,,,1,VoxCeleb 1,SGP,,,,,,,,,
255,,,,1,VoxCeleb 1,FRA,,,,,,,,,
255,,,,1,VoxCeleb 1,ISR,,,,,,,,,
255,,,,1,VoxCeleb 1,BRA,,,,,,,,,
255,,,,1,VoxCeleb 1,TTO,,,,,,,,,
255,,,,1,VoxCeleb 1,AUT,,,,,,,,,
255,,,,1,VoxCeleb 1,ZAF,,,,,,,,,
255,,,,1,VoxCeleb 1,IRN,,,,,,,,,
256,2022,It’s Just Not That Simple: An Empirical Study of the Accuracy-Explainability Trade-off in Machine Learning for Public Policy,https://doi.org/10.1145/3531146.3533090,168,Prolific,USA,,y,,,,,,,Participants
256,,,,1044,Education,USA,,,,,,,,,Country inferred
256,,,,21613,Housing,USA,y,,,,,,,,Country inferred
257,2022,South Korean Public Value Coproduction Towards‘AI for Humanity’: A Synergy of Sociocultural Norms and Multistakeholder Deliberation in Bridging the Design and Implementation of National AI Ethics Guidelines,https://doi.org/10.1145/3531146.3533091,9,interview,KOR,,,,,,,y,,
258,2022,Equitable Public Bus Network Optimization for Social Good: A Case Study of Singapore,https://doi.org/10.1145/3531146.3533092,5021,Bus stops,SGP,y,,,,,,,,
258,,,,361,Bus routes,SGP,y,,,,,,,,
258,,,,,Demographics,SGP,,,y,y,y,y,,https://github.com/rmitbggroup/facct_2022_dataset,No number of samples
259,2022,GetFair: Generalized Fairness Tuning of Classification Models,https://doi.org/10.1145/3531146.3533094,,synthetic,,,y,,,,,,,
259,,,,45222,Adult,USA,,,,,,,,,
259,,,,41188,Bank,PRT,,,,,,,,,
259,,,,6172,COMPAS recidivism,USA,,,y,,,,,,
156,2021,Fairness Violations and Mitigation under Covariate Shift,https://doi.org/10.1145/3442188.3445865,24000,MIMIC-III,USA,,,,,,,,,
161,2021,Designing an Online Infrastructure for Collecting AI Data From People With Disabilities,https://doi.org/10.1145/3442188.3445870,30,interview,USA,,,,y,,,y,,
164,2021,"The Distributive Effects of Risk Prediction in Environmental Compliance: Algorithmic Design, Environmental Justice, and Public Policy",https://doi.org/10.1145/3442188.3445873,27362,NPDES permits,USA,y,,,,,,,,
165,2021,"Computer Science Communities: Who is Speaking, and Who is Listening to the Women? Using an Ethics of Care to Promote Diverse Voices",https://doi.org/10.1145/3442188.3445874,503318,Microsoft Academic,,,,,y,,,y,,
166,2021,Differential Tweetment: Mitigating Racial Dialect Bias in Harmful Tweet Detection,https://doi.org/10.1145/3442188.3445875,113596,"Founta, Davidson, Waseem & Hovy, Golbeck",,y,,,,,,,,
168,2021,Towards Fair Deep Anomaly Detection,https://doi.org/10.1145/3442188.3445878,3878,COMPAS recidivism,USA,,,,,,,,,
,,,,10177,CelebA,,,,,,,,,CelebA Dataset (cuhk.edu.hk),Number of identities
,,,,7435,MNIST-USPS,,y,,,,,,,,
,,,,15804,MNIST-Invert,,y,,,,,,,,
169,2021,Can You Fake It Until You Make It? Impacts of Differentially Private Synthetic Data on Downstream Classification Fairness,https://doi.org/10.1145/3442188.3445879,65379,MIMIC-CXR,USA,,,,,,,,MIMIC-CXR Database v2.0.0 (physionet.org),Number of patients
,,,,65240,CheXpert,USA,,,,,,,,,Number of patients
,,,,10177,CelebA-HQ,,,,,,,,,CelebA Dataset (cuhk.edu.hk),Number of identities
,,,,86744,FairFace,,,,,,,,,"FairFace: Face Attribute Dataset for Balanced Race, Gender, and Age for Bias Measurement and Mitigation (thecvf.com)",Number of photos
,,,,21350,ISIC,,,,,,,,,,
170,2021,Documenting Computer Vision Datasets: An Invitation to Reflexive Data Practices,https://doi.org/10.1145/3442188.3445880,5,interview,ARG,,,,,,,y,,
,,,,11,interview,BGR,,,,,,,y,,
,,,,14,interview,,,,,y,y,,y,,Specify countries
171,2021,Leveraging Administrative Data for Bias Audits: Assessing Disparate Coverage with Mobility Data for COVID-19 Policy,https://doi.org/10.1145/3442188.3445881,539607,North Carolina voter,USA,,,,y,,,,,
173,2021,Removing Spurious Features Can Hurt Accuracy and Affect Groups Disproportionately,https://doi.org/10.1145/3442188.3445883,60000,MNIST,,y,,,,,,,,
,,,,10177,CelebA,,,,,,,,,,Number of identities
,,,,160000,Toxic comment (Kaggle),,y,,,,,,,,
174,2021,Evaluating Fairness of Machine Learning Models Under Uncertain and Incomplete Information,https://doi.org/10.1145/3442188.3445884,45222,Adult,USA,,,,,,,,,
,,,,1670,FIFA 20,GBR,,,,y,,,,,
,,,,1218,FIFA 20,DEU,,,,y,,,,,
177,2021,Mitigating Bias in Set Selection with Noisy Protected Attributes,https://doi.org/10.1145/3442188.3445887,,synthetic,,,y,,,,,,,
,,,,151671,US 2010 Census,USA,y,,,,,,,,
,,,,83508000,Income,USA,y,,,,,,,,
,,,,9600,Occupations,,,,,,,,,,
178,2021,"What We Can't Measure, We Can't Understand: Challenges to Demographic Data Procurement in the Pursuit of Fairness",https://doi.org/10.1145/3442188.3445888,38,interview,USA,,,,y,y,,y,,
184,2021,Leave-One-out Unfairness,https://doi.org/10.1145/3442188.3445894,1000,German,DEU,,,,,,,,,
,,,,45222,Adult,USA,,,,,,,,,
,,,,500,Seizure,,,,,y,,,,UCI Machine Learning Repository: Epileptic Seizure Recognition Data Set,Andrzejak_PhysRevE2001.pdf;jsessionid=7A0074DEFC54C44450C864F74404F890 (upf.edu)
,,,,70000,Fashion MNIST,,y,,,,,,,,
,,,,5749,Labeled Faces in the Wild,,,,,y,,,,LFW Face Database : Main (umass.edu),
185,2021,"Fairness, Welfare, and Equity in Personalized Pricing",https://doi.org/10.1145/3442188.3445895,1116,TBE Vaccine,SWE,,,,,,,,,
186,2021,Re-Imagining Algorithmic Fairness in India and Beyond,https://doi.org/10.1145/3442188.3445896,2,interview,,,,,y,y,,y,,
,,,,24,interview,IND,,,,,,,y,,
,,,,9,interview,USA,,,,,,,y,,
,,,,1,interview,,,,,,,,y,,
192,2021,Fairness in Risk Assessment Instruments: Post-Processing to Achieve Counterfactual Equalized Odds,https://doi.org/10.1145/3442188.3445902,5278,COMPAS recidivism,USA,,,,,,,,,
,,,,47305,Child-welfare hotline,USA,,,,,,,,A case study of algorithm-assisted decision making in child maltreatment hotline screening decisions (mlr.press),
193,2021,High Dimensional Model Explanations: An Axiomatic Approach,https://doi.org/10.1145/3442188.3445903,48842,Adult,USA,,,y,,,,,,
,,,,50000,Large Movie Review,,y,,y,,,,,,
194,2021,An Agent-Based Model to Evaluate Interventions on Online Dating Platforms to Decrease Racial Homogamy,https://doi.org/10.1145/3442188.3445904,,synthetic,,,y,,,,,,,
196,2021,Socially Fair K-Means Clustering,https://doi.org/10.1145/3442188.3445906,48842,Adult,USA,,,,,,,,,
,,,,5749,Labeled Faces in the Wild,,,,,,,,,,
,,,,30000,Credit,TWN,,,,,,,,,
197,2021,Towards Cross-Lingual Generalization of Translation Gender Bias,https://doi.org/10.1145/3442188.3445907,378025,OPUS,,y,,,,,,,,Number of documents
198,2021,A Pilot Study in Surveying Clinical Judgments to Evaluate Radiology Report Generation,https://doi.org/10.1145/3442188.3445909,100,Chest X-ray,,y,,,y,,,,,Number of images
199,2021,Fairness Through Robustness: Investigating Robustness Disparity in Deep Learning,https://doi.org/10.1145/3442188.3445910,60000,CIFAR-10,,y,,y,,,,,,
,,,,60000,CIFAR-100,,y,,y,,,,,,
,,,,2284,Adience,,,,y,,,,,,
,,,,24000,UTKFace,,,,y,,,,,,Number of images
200,2021,Operationalizing Framing to Support Multiperspective Recommendations of Opinion Pieces,https://doi.org/10.1145/3442188.3445911,214,"Black Lives Matter, Coronavirus, U.S. Elections, Big Tech",,y,,,,,,y,,
,,,,3,FGD,,,,,y,,,y,,
202,2021,Fair Clustering via Equitable Group Representations,https://doi.org/10.1145/3442188.3445913,,synthetic,,,y,,,,,,,
,,,,150,Iris,,y,,,,,,,,
,,,,48842,Adult,USA,,,,,,,,,
,,,,45211,Bank,PRT,,,,,,,,,
,,,,,North Carolina voter,USA,,,,y,,,,,
204,2021,Fair Classification with Group-Dependent Label Noise,https://doi.org/10.1145/3442188.3445915,32561,Adult,USA,,,,,,,,,Different from the original
,,,,6644,COMPAS recidivism,USA,,,,,,,,,
,,,,1000,German,DEU,,,,,,,,,
,,,,18692,Law (LSAC),USA,,,,,,,,Law School Admissions Bar Passage | Kaggle,Different from the original
205,2021,Censorship of Online Encyclopedias: Implications for NLP Models,https://doi.org/10.1145/3442188.3445916,5000,TNEWS,,y,,,,,,,,Number of headlines
,,,,12669,Google News,,y,,,,,,y,,
208,2021,"Fairness, Equality, and Power in Algorithmic Decision-Making",https://doi.org/10.1145/3442188.3445919,6172,COMPAS recidivism,USA,,,,,,,,,
209,2021,"One Label, One Billion Faces: Usage and Consistency of Racial Categories in Computer Vision",https://doi.org/10.1145/3442188.3445920,800,FairFace,,,,,,,,,,
,,,,71781,BFW,,,,,,,,,,
,,,,9906,RFW,,,,,,,,,,
,,,,11400,LAOFIW,,,,,,,,,,
215,2021,A Statistical Test for Probabilistic Fairness,https://doi.org/10.1145/3442188.3445927,6172,COMPAS recidivism,USA,,,,,,,,,
216,2021,Building and Auditing Fair Algorithms: A Case Study in Candidate Screening,https://doi.org/10.1145/3442188.3445928,,pymetrics,,,,y,y,,,,,
217,2021,The Effect of the Rooney Rule on Implicit Bias in the Long Term,https://doi.org/10.1145/3442188.3445930,76,MTurk,USA,,,,y,,,y,,
218,2021,"I Agree with the Decision, but They Didn't Deserve This: Future Developers' Perception of Fairness in Algorithmic Decisions",https://doi.org/10.1145/3442188.3445931,4,survey,FIN,,,,y,y,y,y,,
,,,,3,survey,DEU,,,,,,,y,,
,,,,7,survey,AUT,,,,,,,y,,
,,,,1,survey,PRT,,,,,,,y,,
,,,,1,survey,IRL,,,,,,,y,,
,,,,17,survey,CYP,,,,,,,y,,
,,,,11,survey,ITA,,,,,,,y,,
,,,,40,survey,GBR,,,,,,,y,,
,,,,7,survey,USA,,,,,,,y,,
,,,,4,survey,ISR,,,,,,,y,,
,,,,1,survey,CHN,,,,,,,y,,
,,,,1,survey,BRA,,,,,,,y,,
,,,,1,survey,AUS,,,,,,,y,,
219,2021,Image Representations Learned With Unsupervised Pre-Training Contain Human-like Biases,https://doi.org/10.1145/3442188.3445932,,ImageNet,,y,,,,,,,,
220,2021,From Optimizing Engagement to Measuring Value,https://doi.org/10.1145/3442188.3445933,,Twitter,,y,,,y,,,y,,
221,2021,Chasing Your Long Tails: Differentially Private Prediction in Health Care Settings,https://doi.org/10.1145/3442188.3445934,60000,MNIST,,y,,,,,,,,
,,,,60000,Fashion MNIST,,y,,,,,,,,
,,,,21777,MIMIC-III,USA,,,,,,,,"MIMIC-III, a freely accessible critical care database | Scientific Data (nature.com)",See supplementary
,,,,30805,NIH Chest X-ray,USA,,,,,,,,,See supplementary
227,2021,Detecting Discriminatory Risk through Data Annotation Based on Bayesian Inferences,https://doi.org/10.1145/3442188.3445940,6172,COMPAS recidivism,USA,,,,,,,,,
,,,,1044,Drug consumption,GBR,,,,,,,,UCI Machine Learning Repository: Drug consumption (quantified) Data Set,
,,,,557,Drug consumption,USA,,,,,,,,,
,,,,87,Drug consumption,CAN,,,,,,,,,
,,,,54,Drug consumption,AUS,,,,,,,,,
,,,,5,Drug consumption,NZL,,,,,,,,,
,,,,20,Drug consumption,IRL,,,,,,,,,
,,,,118,Drug consumption,,,,,y,y,y,,,
,,,,48842,Adult,USA,,,,,,,,,
228,2021,How Can I Choose an Explainer? An Application-Grounded Evaluation of Post-Hoc Explanations,https://doi.org/10.1145/3442188.3445941,100000,Transactions,,y,,,y,,,y,,Number of transactions
231,2021,A Bayesian Model of Cash Bail Decisions,https://doi.org/10.1145/3442188.3445908,50000,Allegheny and Philadelphia court cases,USA,,,,,,,,,
232,2021,The Effect of Differential Victim Crime Reporting on Predictive Policing Systems,https://doi.org/10.1145/3442188.3445877,10000,CCB survey,COL,,,,y,,,,Encuesta de Percepción y Victimización - Cámara de Comercio de Bogotá (ccb.org.co),
,,,,,synthetic,,,y,,,,,,,
233,2021,Value Cards: An Educational Toolkit for Teaching Social Impacts of Machine Learning through Deliberation,https://doi.org/10.1145/3442188.3445971,56,survey,USA,,,,,,,y,,
234,2021,BOLD: Dataset and Metrics for Measuring Biases in Open-Ended Language Generation,https://doi.org/10.1145/3442188.3445924,23679,Wikipedia prompts,,y,,,y,,,y,,
235,2021,When the Umpire is Also a Player: Bias in Private Label Product Recommendations on E-Commerce Marketplaces,https://doi.org/10.1145/3442188.3445944,16127,Amazon Backpack & Battery,,y,,,,,,y,,
81,2020,"Whose Side Are Ethics Codes on? Power, Responsibility and the Social Good",https://doi.org/10.1145/3351095.3372844,15,Ethics codes,,y,,,,,,y,,
82,2020,"Algorithmic Targeting of Social Policies: Fairness, Accuracy, and Distributed Governance",https://doi.org/10.1145/3351095.3375784,22000,Household survey,CRI,,,,,,,,,
,,,,462000,Household survey,COL,,,,,,,,,
88,2020,Effect of Confidence and Explanation on Accuracy and Trust Calibration in AI-Assisted Decision Making,https://doi.org/10.1145/3351095.3372852,72,Mturk,,,,,y,y,,y,,
,,,,48842,Adult,USA,,,,,,,,,
,,,,9,experiment,,,,,,,,y,,
90,2020,Data in New Delhi's Predictive Policing System,https://doi.org/10.1145/3351095.3372865,20,CMAPS Delhi Police,IND,,,,,,,y,,
91,2020,"Garbage in, Garbage out? Do Machine Learning Application Papers in Social Computing Report Where Human-Labeled Training Data Comes From?",https://doi.org/10.1145/3351095.3372862,164,arXiv,,y,,,,,,y,,
92,2020,Bidding Strategies with Gender Nondiscrimination Constraints for Online Ad Auctions,https://doi.org/10.1145/3351095.3375783,,synthetic,,,y,,,,,,,
,,,,10000,Yahoo! Search Marketing auctions,,,,,,,,,,
94,2020,Reducing Sentiment Polarity for Demographic Attributes in Word Embeddings Using Adversarial Learning,https://doi.org/10.1145/3351095.3372837,,"Sentiment Lexicon, WordSim353, SemEval-2018 Task 1 Affect in Tweets",,y,,,,,,y,,
95,2020,Interventions for Ranking in the Presence of Implicit Bias,https://doi.org/10.1145/3351095.3372858,384977,IIT-JEE,IND,,,,,,,,,
97,2020,"An Empirical Study on the Perceived Fairness of Realistic, Imperfect Machine Learning Models",https://doi.org/10.1145/3351095.3372831,502,Mturk,USA,,,,,,,y,,
98,2020,Artificial Mental Phenomena: Psychophysics as a Framework to Detect Perception Biases in AI Models,https://doi.org/10.1145/3351095.3375623,,Labor Statistics,USA,,,,,,,,,
,,,,,English Wikipedia,,y,,,,,,,,
,,,,,Large Movie Review,,y,,,,,,,,
,,,,,Equity Equivalent Corpus (EEC),,y,,,,,,,,
101,2020,Integrating FATE/Critical Data Studies into Data Science Curricula: Where Are We Going and How Do We Get There?,https://doi.org/10.1145/3351095.3372832,278,University of Sheffield Information School,GBR,,,,,,,y,,
102,2020,Recommendations and User Agency: The Reachability of Collaboratively-Filtered Information,https://doi.org/10.1145/3351095.3372866,71567,ML10M,,,,,,,,,,
103,2020,Bias in Word Embeddings,https://doi.org/10.1145/3351095.3372843,100000,German political parties Facebook pages,,y,,,,,,,,
105,2020,Mitigating Bias in Algorithmic Hiring: Evaluating Claims and Practices,https://doi.org/10.1145/3351095.3372828,322,Crunchbase+Upturn+RedThread Research,,y,,,,,,y,,
106,2020,The Impact of Overbooking on a Pre-Trial Risk Assessment Tool,https://doi.org/10.1145/3351095.3372846,1916,SFPD,USA,,,,,,,y,,
112,2020,Fair Classification and Social Welfare,https://doi.org/10.1145/3351095.3372857,48842,Adult,USA,,,,,,,,,
114,2020,Towards Fairer Datasets: Filtering and Balancing the Distribution of the People Subtree in the ImageNet Hierarchy,https://doi.org/10.1145/3351095.3375709,12,"ImageNet, Princeton students",USA,,,,,,,,,Number of annotators
115,2020,The Case for Voter-Centered Audits of Search Engines during Political Elections,https://doi.org/10.1145/3351095.3372835,392,Mturk,USA,,,,,,,y,,
,,,,3520,Partisan queries,USA,,,,,,,,,
,,,,400,RS-candidates,USA,,,,,,,,,
116,2020,Whose Tweets Are Surveilled for the Police: An Audit of a Social-Media Monitoring Tool via Log Files,https://doi.org/10.1145/3351095.3372841,864,Twitter DigitalStakeout,,,,,,,,,,
118,2020,"Counterfactual Risk Assessments, Evaluation, and Fairness",https://doi.org/10.1145/3351095.3372851,,synthetic,,,y,,,,,,,
,,,,47305,Child-welfare hotline,USA,,,,,,,,,
120,2020,Explaining Machine Learning Classifiers through Diverse Counterfactual Explanations,https://doi.org/10.1145/3351095.3372850,48842,Adult,USA,,,,,,,,,
,,,,,Lending Club (Kaggle),USA,,,,,,,,,
,,,,1000,German,DEU,,,,,,,,,
,,,,6172,COMPAS recidivism,,,,,,,,,,
121,2020,Model Agnostic Interpretability of Rankers via Intent Modelling,https://doi.org/10.1145/3351095.3375234,200,Clueweb09 TREC,,y,,,,,,,,
122,2020,Doctor XAI: An Ontology-Based Approach to Black-Box Sequential Data Classification Explanations,https://doi.org/10.1145/3351095.3372855,7499,MIMIC-III,USA,,,,,,,,,
261,2022,How Different Groups Prioritize Ethical Values for Responsible AI,https://doi.org/10.1145/3531146.3533097,516,survey,USA,,,,,,,y,,Qualtrics
,,,,607,survey,USA,,,,,,,y,,Clickworker
,,,,140,survey,USA,,,,,,,y,,
263,2022,"Towards Intersectionality in Machine Learning: Including More Identities, Handling Underrepresentation, and Performing Evaluation",https://doi.org/10.1145/3531146.3533101,49531,ACS,USA,,,y,,,,,,
264,2022,An Outcome Test of Discrimination for Ranked Lists,https://doi.org/10.1145/3531146.3533102,193000,InstaJobs,,y,,,y,,,,,
265,2022,Causal Inference Struggles with Agency on Online Platforms,https://doi.org/10.1145/3531146.3533103,,Twitter,,,,,y,,,,,
266,2022,Flipping the Script on Criminal Justice Risk Assessment: An Actuarial Model for Assessing the Risk the Federal Sentencing System Poses to Defendants,https://doi.org/10.1145/3531146.3533104,,JUSTFAIR,USA,,,,y,,,,,
267,2022,De-Biasing “Bias” Measurement,https://doi.org/10.1145/3531146.3533105,48842,Adult,USA,,,,,,,,,
269,2022,"Four Years of FAccT: A Reflexive, Mixed-Methods Analysis of Research Contributions, Shortcomings, and Future Prospects",https://doi.org/10.1145/3531146.3533107,224,FAccT,,y,,,,,,y,,
,,,,60,survey,,,,,y,y,,y,,
270,2022,Interactive Model Cards: A Human-Centered Approach to Model Documentation,https://doi.org/10.1145/3531146.3533108,30,interview,,,,,y,y,,y,,
271,2022,"The Model Card Authoring Toolkit: Toward Community-Centered, Deliberation-Driven AI Design",https://doi.org/10.1145/3531146.3533110,14,survey,,,,,y,y,y,y,,
272,2022,Tech Worker Organizing for Power and Accountability,https://doi.org/10.1145/3531146.3533111,150,CAIT archive,,y,,,,,,,,
273,2022,Equi-Explanation Maps: Concise and Informative Global Summary Explanations,https://doi.org/10.1145/3531146.3533112,303,Heart Disease,,,,,y,,,,,
,,,,768,Pima Indian Diabetes,USA,,,,,,,,,
274,2022,Exploring How Machine Learning Practitioners (Try To) Use Fairness Toolkits,https://doi.org/10.1145/3531146.3533113,8,interview,USA,,,,,,,y,,
,,,,3,interview,GBR,,,,,,,y,,
,,,,1,interview,SWE,,,,,,,y,,
,,,,1,interview,,,,,y,,,y,,Africa
,,,,649,Student,PRT,,,,,,,,,
,,,,56,survey,,,,,,,,y,,Anonymous
277,2022,Goodbye Tracking? Impact of IOS App Tracking Transparency and Privacy Labels,https://doi.org/10.1145/3531146.3533116,1759,iOS apps,,y,,,,,,y,,
278,2022,Language Variation and Algorithmic Bias: Understanding Algorithmic Bias in British English Automatic Speech Recognition,https://doi.org/10.1145/3531146.3533117,102,"IViE, Speech Accent Archive",GBR,,,,y,,,n,,
280,2022,Ethical Concerns and Perceptions of Consumer Neurotechnology from Lived Experiences of Mental Workload Tracking,https://doi.org/10.1145/3531146.3533119,18,interview,GBR,,,,,,,y,,tracking
,,,,1,interview,IND,,,,,,,y,,
,,,,5,interview,,,,,y,,,y,,
282,2022,"REAL ML: Recognizing, Exploring, and Articulating Limitations of Machine Learning Research",https://doi.org/10.1145/3531146.3533122,30,interview,,,,,,,,y,,
286,2022,Human Interpretation of Saliency-Based Explanation Over Text,https://doi.org/10.1145/3531146.3533127,49,Mturk,USA,,,,y,y,y,y,,
,,,,25,experiment,,,,,,,,y,,
287,2022,Subverting Fair Image Search with Generative Adversarial Perturbations,https://doi.org/10.1145/3531146.3533128,8692,MS-COCO,,,,,,,,,,
289,2022,Towards Intersectional Feminist and Participatory ML: A Case Study in Supporting Feminicide Counterdata Collection,https://doi.org/10.1145/3531146.3533132,823,Feminicide,,y,,,,,,,,
290,2022,Disclosure by Design: Designing Information Disclosures to Support Meaningful Transparency and Accountability,https://doi.org/10.1145/3531146.3533133,123,Mturk,GBR,,,,,,,y,,
293,2022,Achieving Fairness via Post-Processing in Web-Scale Recommender Systems✱,https://doi.org/10.1145/3531146.3533136,,synthetic,,,y,,,,,,,
,,,,,proprietary,,,,,y,,,,,
295,2022,Robots Enact Malignant Stereotypes,https://doi.org/10.1145/3531146.3533138,597,Chicago Face Database,USA,,,,,,,,CFD | Chicago Face Database (chicagofaces.org),
297,2022,Imperfect Inferences: A Practical Assessment,https://doi.org/10.1145/3531146.3533140,12764,Uber,USA,,,,,,,y,,
299,2022,Exploring the Role of Grammar and Word Choice in Bias Toward African American English (AAE) in Hate Speech Classification,https://doi.org/10.1145/3531146.3533144,24783,DWMW17,,y,,,,,,,,
,,,,50487,FDCL18,,y,,,,,,,,
,,,,50000,Blodgett et al.,,y,,,,,,,,
300,2022,Trucks Don’t Mean Trump: Diagnosing Human Error in Image Analysis,https://doi.org/10.1145/3531146.3533145,10000,New York Times Quiz,,y,,,,,,,,
,,,,52025,Google Street View,,y,,,,,,,,
302,2022,"How Are ML-Based Online Content Moderation Systems Actually Used? Studying Community Size, Local Activity, and Disparate Treatment",https://doi.org/10.1145/3531146.3533147,4065019,Wikipedia,,y,,,,,,,,
303,2022,Learning to Limit Data Collection via Scaling Laws: A Computational Interpretation for the Legal Principle of Data Minimization,https://doi.org/10.1145/3531146.3533148,6000,ML20M,,,,,,,,,,
,,,,2000,GoogleLocal,,,,,,,,,,
308,2022,Post-Hoc Explanations Fail to Achieve Their Purpose in Adversarial Contexts,https://doi.org/10.1145/3531146.3533153,48842,Adult,USA,,,,,,,,,
,,,,1000,German,DEU,,,,,,,,,
,,,,1664500,ACSIncome,USA,,,,,,,,,
,,,,569,Wisconsin Breast Cancer,USA,,,,,,,,,
,,,,442,diabetes,,,,,,,,,,
311,2022,German AI Start-Ups and “AI Ethics”: Using A Social Practice Lens for Assessing and Implementing Socio-Technical Innovation,https://doi.org/10.1145/3531146.3533156,64,interview,DEU,,,,,,,y,,
312,2022,The Forgotten Margins of AI Ethics,https://doi.org/10.1145/3531146.3533157,526,FAccT & AIES,,y,,,,,,y,,
313,2022,The Fallacy of AI Functionality,https://doi.org/10.1145/3531146.3533158,283,AIAAIC,,y,,,,,,,,
314,2022,"Female, White, 27? Bias Evaluation on Data and Algorithms for Affect Recognition in Faces",https://doi.org/10.1145/3531146.3533159,47,AffWild2,,,,,,,,,,
,,,,181,BP4D+,,,,,,,,,,
,,,,123,CK+,,,,,,,,,,
,,,,36,DISFA+,,,,,,,,,,
,,,,13,ERIK,,,,,,,,,,unpublished
,,,,96,GFT,,,,,,,,,,
,,,,25,UNBC,,,,,,,,,,
315,2022,Beyond Fairness: Reparative Algorithms to Address Historical Injustices of Housing Discrimination in the US,https://doi.org/10.1145/3531146.3533160,,HOLC,USA,,,,y,,,,,
,,,,3930315,HMDA,USA,,,,y,,,,,
319,2022,A Data-Driven Simulation of the New York State Foster Care System,https://doi.org/10.1145/3531146.3533165,,AFCARS,,,,y,y,,,,,
320,2022,"Net Benefit, Calibration, Threshold Selection, and Training Objectives for Algorithmic Fairness in Healthcare",https://doi.org/10.1145/3531146.3533166,5802865,ASCVD,,,,y,y,,,,,
322,2022,Counterfactual Shapley Additive Explanations,https://doi.org/10.1145/3531146.3533168,9871,HELOC,USA,,,,,,,,,
,,,,1373324,Lending Club,USA,,,,,,,,,
,,,,4898,Wine,,y,,,,,,,,
324,2022,Rational Shapley Values,https://doi.org/10.1145/3531146.3533170,365,COMPAS recidivism,USA,,,,,,,,,
,,,,442,diabetes,,,,,,,,,,
,,,,1000,German,DEU,,,,,,,,,
325,2022,Trade-Offs between Group Fairness Metrics in Societal Resource Allocation,https://doi.org/10.1145/3531146.3533171,3375,HMIS,USA,,,,,,,,amandakube/Allocating-Homelessness-Interventions---Counterfactual-Predictions: This repository holds OOS counterfactual predictions based on the BART model described in Kube et al. 2019 (github.com),
326,2022,An Algorithmic Framework for Bias Bounties,https://doi.org/10.1145/3531146.3533172,405881,ACS,USA,,,,,,,,,see appendix
327,2022,Auditing for Gerrymandering by Identifying Disenfranchised Individuals,https://doi.org/10.1145/3531146.3533174,,North Carolina,,,,,,,,,,
328,2022,Smallset Timelines: A Visual Representation of Data Preprocessing Decisions,https://doi.org/10.1145/3531146.3533175,,synthetic,,,y,,,,,,,
,,,,505,NASA MDP,USA,y,,,,,,,,
,,,,350086,ACS,USA,,,,,,,,,
330,2022,Imagining New Futures beyond Predictive Systems in Child Welfare: A Qualitative Study with Impacted Stakeholders,https://doi.org/10.1145/3531146.3533177,35,workshop,USA,,,,,,,y,,
332,2022,The Road to Explainability is Paved with Bias: Measuring the Fairness of Explanations,https://doi.org/10.1145/3531146.3533179,48842,Adult,USA,,,,,,,,,
,,,,20427,Law (LSAC),USA,,,,,,,,,
,,,,21139,MIMIC-III,USA,,,,,,,,,
,,,,6150,COMPAS recidivism,USA,,,,,,,,,
333,2022,Multiaccurate Proxies for Downstream Fairness,https://doi.org/10.1145/3531146.3533180,196104,ACS,USA,,,,,,,,,
334,2022,Learning Resource Allocation Policies from Observational Data with an Application to Homeless Services Delivery,https://doi.org/10.1145/3531146.3533181,6155,HMIS,USA,,,,,,,,,
335,2022,Designing for Responsible Trust in AI Systems: A Communication Perspective,https://doi.org/10.1145/3531146.3533182,,survey,,,,y,y,y,,y,,
336,2022,Markedness in Visual Semantic AI,https://doi.org/10.1145/3531146.3533183,86744,FairFace,,,,,,,,,,
337,2022,Gender and Racial Bias in Visual Question Answering Datasets,https://doi.org/10.1145/3531146.3533184,108000,Visual Genome,,y,,,,,,,,
,,,,47000,Visual7W,,y,,,,,,,,
,,,,204000,VQA 2.0,,y,,,,,,,,
,,,,113000,GQA,,y,,,,,,,,
,,,,14000,OK-VQA,,y,,,,,,,,
338,2022,Evidence for Hypodescent in Visual Semantic AI,https://doi.org/10.1145/3531146.3533185,597,Chicago Face Dataset,USA,,,,,,,,,
339,2022,The Algorithmic Imprint,https://doi.org/10.1145/3531146.3533186,47,interview,BGD,,,,,,,y,,
340,2022,DualCF: Efficient Model Extraction Attack from Counterfactual Explanations,https://doi.org/10.1145/3531146.3533188,,synthetic,,,y,,,,,,,
,,,,150000,Give Me Some Credit,,,,,,,,,,
,,,,10459,HELOC,USA,,,,,,,,,
,,,,506,Boston Housing,USA,y,,,,,,,,
341,2022,Why Am I Not Seeing It? Understanding Users’ Needs for Counterfactual Explanations in Everyday Recommendations,https://doi.org/10.1145/3531146.3533189,91,Mturk,USA,,,,,,,y,,
,,,,12,interview,,,,,y,,,y,,
,,,,89,Mturk,USA,,,,,,,y,,
343,2022,"Can Machines Help Us Answering Question 16 in Datasheets, and In Turn Reflecting on Inappropriate Content?",https://doi.org/10.1145/3531146.3533192,2941,SMID,,y,,,,,,y,,
,,,,476,survey,USA,,,,,,,,,Number of annotators
,,,,2240,survey,,,,,,,,,,
344,2022,Who Goes First? Influences of Human-AI Workflow on Decision Making in Clinical Imaging,https://doi.org/10.1145/3531146.3533193,19,experiment,USA,,,,,,,y,,Mars
347,2022,Towards Fair Unsupervised Learning,https://doi.org/10.1145/3531146.3533197,920,German,DEU,,,,,,,,,
,,,,30000,Loan,TWN,,,,,,,,,
,,,,48842,Adult,USA,,,,,,,,,
,,,,13232,Labeled Faces in the Wild,,,,,,,,,,
349,2022,Don’t Throw It Away! The Utility of Unlabeled Data in Fair Decision Making,https://doi.org/10.1145/3531146.3533199,,synthetic,,,y,,,,,,,
,,,,5278,COMPAS recidivism,USA,,,,,,,,,see appendix
,,,,1000,German,DEU,,,,,,,,,
,,,,17570,MEPS,USA,,,,,,,,,
353,2022,Adaptive Sampling Strategies to Construct Equitable Training Datasets,https://doi.org/10.1145/3531146.3533203,200000,synthetic,,,y,,,,,,,
354,2022,Algorithmic Fairness and Vertical Equity: Income Fairness with IRS Tax Audit Models,https://doi.org/10.1145/3531146.3533204,71900,National Research Program,USA,,,,,,,,,
,,,,791900,Operational Audits 2014,USA,,,,,,,,,
357,2022,Critical Tools for Machine Learning: Working with Intersectional Critical Concepts in Machine Learning Systems Design,https://doi.org/10.1145/3531146.3533207,9,workshop,,,,,y,y,,y,,
359,2022,ABCinML: Anticipatory Bias Correction in Machine Learning Applications,https://doi.org/10.1145/3531146.3533211,612262,Funding,USA,,,,,,,,DonorsChoose.org Application Screening | Kaggle,
,,,,60287,Toxic comment (Kaggle),,,,,,,,,Jigsaw Unintended Bias in Toxicity Classification | Kaggle,
,,,,636625,ACS,USA,,,,,,,,,
361,2022,Who Audits the Auditors? Recommendations from a Field Scan of the Algorithmic Auditing Ecosystem,https://doi.org/10.1145/3531146.3533213,90,survey,USA,,,,,,,y,,"E-mail, LinkedIn, Twitter"
,,,,16,survey,GBR,,,,,,,y,,
,,,,46,survey,,,,,y,y,,y,,
,,,,10,interview,,,,,y,,,y,,
363,2022,Assessing Annotator Identity Sensitivity via Item Response Theory: A Case Study in a Hate Speech Corpus,https://doi.org/10.1145/3531146.3533216,10000,Kennedy et al.,,,,,y,,,n,,Number of annotators
364,2022,Surfacing Racial Stereotypes through Identity Portrayal,https://doi.org/10.1145/3531146.3533217,615,survey,USA,,,,,,,y,,Prolific
365,2022,“There Is Not Enough Information”: On the Effects of Explanations on Perceptions of Informational Fairness and Trustworthiness in Automated Decision-Making,https://doi.org/10.1145/3531146.3533218,480,Home Loan Application,,,,,,,,,Loan Prediction Problem Dataset | Kaggle,
,,,,20,survey,,,,,y,,,y,,
,,,,397,survey,,,,,y,,,y,,Prolific
368,2022,Stop the Spread: A Contextual Integrity Perspective on the Appropriateness of COVID-19 Vaccination Certificates,https://doi.org/10.1145/3531146.3533222,890,survey,USA,,,,,,,y,,Prolific
370,2022,NeuroView-RNN: It’s About Time,https://doi.org/10.1145/3531146.3533224,,UCR,,,,y,,,,,Welcome to the UCR Time Series Classification/Clustering Page,
,,,,50000,Large Movie Review,,y,,y,,,,,,
,,,,1168,UCF11,,,,y,,,,,Recognizing realistic actions from videos “in the wild” | IEEE Conference Publication | IEEE Xplore,
371,2022,Fairness-Aware Model-Agnostic Positive and Unlabeled Learning,https://doi.org/10.1145/3531146.3533225,,synthetic,,,y,,,,,,,
,,,,5278,COMPAS recidivism,USA,,,,,,,,,
,,,,1000,German,DEU,,,,,,,,,
,,,,1044,Drug consumption,GBR,,,,,,,,,
,,,,557,Drug consumption,USA,,,,,,,,,
,,,,87,Drug consumption,CAN,,,,,,,,,
,,,,54,Drug consumption,AUS,,,,,,,,,
,,,,5,Drug consumption,NZL,,,,,,,,,
,,,,20,Drug consumption,IRL,,,,,,,,,
,,,,118,Drug consumption,,,,,,,,,,
373,2022,Testing Concerns about Technology's Behavioral Impacts with N-of-One Trials,https://doi.org/10.1145/3531146.3533227,14,survey,,,,,y,y,y,y,,
375,2022,Predictability and Surprise in Large Generative Models,https://doi.org/10.1145/3531146.3533229,6172,COMPAS recidivism,USA,,,,,,,,,
376,2022,Models for Understanding and Quantifying Feedback in Societal Systems,https://doi.org/10.1145/3531146.3533230,28,Voting Percentage,USA,y,,,,,,,feedback-modeling/data at facct-2022 · long-term-dynamics/feedback-modeling (github.com),
,,,,60,Gender Pay Gap,USA,y,,,,,,,,
,,,,102,Percent Income,USA,y,,,,,,,,
377,2022,Data Cards: Purposeful and Transparent Dataset Documentation for Responsible AI,https://doi.org/10.1145/3531146.3533231,191,survey,,,,,y,y,,y,,
,,,,30,workshop,,,,,y,y,,y,,
378,2022,On the Existence of Simpler Machine Learning Models,https://doi.org/10.1145/3531146.3533232,,synthetic,,,y,,,,,,,see appendix
,,,,1711,Monks,,y,,,,,,,,
,,,,232,Voting,USA,,,,,,,,UCI Machine Learning Repository: Congressional Voting Records Data Set,
,,,,267,SPECT,,,,,,,,,UCI Machine Learning Repository: SPECT Heart Data Set,
,,,,958,Tic-tac-toe,,y,,,,,,,UCI Machine Learning Repository: Tic-Tac-Toe Endgame Data Set,
,,,,160,Hayes-Roth,,,,,,,,,UCI Machine Learning Repository: Hayes-Roth Data Set,
,,,,16896,Nursery,SVN,y,,,,,,,,
,,,,8124,Mushroom,,y,,,,,,,,
,,,,286,Breast Cancer,,,,,,,,,UCI Machine Learning Repository: Breast Cancer Data Set,
,,,,1728,Car Evaluation,,y,,,,,,,,
,,,,336,Primary Tumor,SVN,,,,,,,,,
,,,,830,Mammographic Masses,,,,,y,y,,,,
,,,,1353,Phishing,,y,,,,,,,,
,,,,576,Balance,,y,,,,,,,,
,,,,130,Wine,,y,,,,,,,,
,,,,100,Iris,,y,,,,,,,,
,,,,569,Breast Cancer Wisconsin,USA,,,,,,,,,
,,,,116,Breast Cancer Coimbra,PRT,,,,,,,,,
,,,,718,Digits,,y,,,,,,,,
,,,,400,Student,PRT,,,,,,,,,
,,,,1372,Banknote,,y,,,,,,,,
,,,,10545,Mapping,,y,,,,,,,,
,,,,1000,Wifi Localization,,y,,,,,,,,
,,,,310,Column 2C,BRA,,,,,,,,,
,,,,30000,Credit Card,TWN,,,,,,,,,
,,,,182,Planning Relax,,y,,,,,,,,
,,,,1151,Diabetic Retinopathy,,y,,,,,,,,
,,,,306,Survival,USA,,,,,,,,,
,,,,245057,Skin Segmentation,,y,,,,,,,,
,,,,17898,HTRU_2,,y,,,,,,,,
,,,,19020,Magic,,y,,,,,,,,
,,,,140,Seeds,,y,,,,,,,,
,,,,14980,Eye State,,y,,,,,,,,
,,,,26490,MNIST,,y,,,,,,,,
379,2022,Evaluation Gaps in Machine Learning Practice,https://doi.org/10.1145/3531146.3533233,200,"ACL, CVPR, MICCAI",,y,,,,,,y,,
380,2022,Measuring the Carbon Intensity of AI in Cloud Instances,https://doi.org/10.1145/3531146.3533234,11,experiment,,y,,,,,,y,,eletricity consumption for AI workloads
381,2022,Model Explanations with Differential Privacy,https://doi.org/10.1145/3531146.3533235,1494974,ACS13,USA,,,,,,,,,
,,,,50000,Large Movie Review,,y,,,,,,,,
,,,,12156,FER-2013,,,,,,,,,,
382,2022,Marrying Fairness and Explainability in Supervised Learning,https://doi.org/10.1145/3531146.3533236,,synthetic,,,y,,,,,,,
,,,,6172,COMPAS recidivism,USA,,,,,,,,,
,,,,1000,German,DEU,,,,,,,,,
,,,,48842,Adult,USA,,,,,,,,,
383,2022,How Platform-User Power Relations Shape Algorithmic Accountability: A Case Study of Instant Loan Platforms and Financially Stressed Users in India,https://doi.org/10.1145/3531146.3533237,29,interview,IND,,,,,,,y,,
385,2022,Healthsheet: Development of a Transparency Artifact for Health Datasets,https://doi.org/10.1145/3531146.3533239,21,interview,,,,,y,y,,y,,
386,2022,The Spotlight: A General Method for Discovering Systematic Errors in Deep Learning Models,https://doi.org/10.1145/3531146.3533240,,synthetic,,,y,,,,,,,
,,,,100000,FairFace,,,,,,,,,,
,,,,50000,ImageNet,,y,,,,,,,,
,,,,20000,Amazon polarity,,y,,,,,,,,
,,,,1700,ML100k,,,,,,,,,,
,,,,10386,SQuAD,,y,,,,,,,,
,,,,6000,Chest X-Rays,,y,,,y,,,,,
390,2022,Reliable and Safe Use of Machine Translation in Medical Settings,https://doi.org/10.1145/3531146.3533244,20,interview,USA,,,,,,,y,,
392,2022,Limits and Possibilities for “Ethical AI” in Open Source: A Study of Deepfakes,https://doi.org/10.1145/3531146.3533779,11,interview,,,,,y,y,y,y,,
393,2022,AI Ethics Statements: Analysis and Lessons Learnt from NeurIPS Broader Impact Statements,https://doi.org/10.1145/3531146.3533780,1898,NeurIPS,,y,,,,,,y,,
395,2022,Designing Up with Value-Sensitive Design: Building a Field Guide for Ethical ML Development,https://doi.org/10.1145/3531146.3534626,22,interview,USA,,,,y,y,y,y,,
,,,,1,interview,,,,,,,,y,,
396,2022,Theories of “Gender” in NLP Bias Research,https://doi.org/10.1145/3531146.3534627,176,NLP papers,,y,,,,,,y,,
398,2022,The Effects of Crowd Worker Biases in Fact-Checking Tasks,https://doi.org/10.1145/3531146.3534629,200,Mturk,USA,,,,,,,n,,"Mturk, but not original"
399,2022,Keep Your Friends Close and Your Counterfactuals Closer: Improved Learning From Closest Rather Than Plausible Counterfactual Explanations in an Abstract Setting,https://doi.org/10.1145/3531146.3534630,100,Mturk,,,,,y,y,y,y,,
400,2022,Algorithmic Tools in Public Employment Services: Towards a Jobseeker-Centric Perspective,https://doi.org/10.1145/3531146.3534631,3,workshop,AUT,,,,,,,y,,
,,,,2,workshop,NLD,,,,,,,y,,
,,,,1,workshop,CAN,,,,,,,y,,
,,,,1,workshop,BEL,,,,,,,y,,
,,,,1,workshop,DEU,,,,,,,y,,
,,,,29,workshop,,,,,y,y,y,y,,
,,,,13,workshop,DEU,,,,,,,y,,
401,2022,Promoting Fairness in Learned Models by Learning to Active Learn under Parity Constraints,https://doi.org/10.1145/3531146.3534632,48842,Adult,USA,,,,,,,,,
402,2022,Fast Online Ranking with Fairness of Exposure,https://doi.org/10.1145/3531146.3534633,15000,Last.fm,,,,,,,,,,
,,,,3000,ML1M,,,,,,,,,,
403,2022,From Demo to Design in Teaching Machine Learning,https://doi.org/10.1145/3531146.3534634,34,SCOPUS,,y,,,,,,y,,
405,2022,Seeing without Looking: Analysis Pipeline for Child Sexual Abuse Datasets,https://doi.org/10.1145/3531146.3534636,2138,RCPD,,,,,,,,,,
407,2022,Understanding and Being Understood: User Strategies for Identifying and Recovering From Mistranslations in Machine Translation-Mediated Chat,https://doi.org/10.1145/3531146.3534638,36,interview,USA,,,,y,y,y,y,,
409,2022,Limits of Individual Consent and Models of Distributed Consent in Online Social Networks,https://doi.org/10.1145/3531146.3534640,3200000,Facebook100,,,,,y,,,,,
410,2022,Measuring Fairness of Rankings under Noisy Sensitive Information,https://doi.org/10.1145/3531146.3534641,,synthetic,,,,,,,,,,
,,,,22000,Goodreads Authors,,,y,,,,,,,
,,,,1670,FIFA 20,GBR,,,,,,,,,
,,,,1218,FIFA 20,DEU,,,,,,,,,
,,,,2000,IBM HR Analytics,,,,,y,,,,,fictional
,,,,6172,COMPAS recidivism,USA,,,,,,,,,
413,2022,Data Augmentation for Fairness-Aware Machine Learning: Preventing Algorithmic Bias in Law Enforcement Systems,https://doi.org/10.1145/3531146.3534644,2000,RWF-2000,,,,,,,,,,
414,2022,Enforcing Group Fairness in Algorithmic Decision Making: Utility Maximization Under Sufficiency,https://doi.org/10.1145/3531146.3534645,,synthetic,,,y,,,,,,,
,,,,6167,COMPAS recidivism,USA,,,y,,,,,,
415,2022,Locality of Technical Objects and the Role of Structural Interventions for Systemic Change,https://doi.org/10.1145/3531146.3534646,301536,FICO,USA,,,,y,,,,,